object	cedsDomainName	assignedBy	reviewedBy	date	reason
AccountingPeriod	Organization Financial	STEEL_RIDGE		2026-09-28	LOW. Rule A23 (most specific hub domain naming the entity the object is about): T4 ADOPTED (SPEC A30, EBONY_DREAM 2026-09-29; was Financial Account): Organization Financial holds Fiscal Year, Fiscal Period Begin Date and Fiscal Period End Date, covering FiscalYearRefId, StartDate and EndDate; Financial Account holds account codes and names. Evidence: SIF annotates no CEDS id on this object outside SIF_Metadata; judgment from the object name and fields only.
Activity	Learner Activity	STEEL_RIDGE		2026-09-28	MEDIUM. Rule A23 (most specific hub domain naming the entity the object is about): a learning activity assigned to students (objectives, materials, points, attempts allowed); its one annotation comes from the embedded LearningStandards reference, not from the activity itself. Evidence: 1 distinct annotated id(s) outside SIF_Metadata; object-specific: P000702 Competency Framework Subject -> Competency Framework. Domain weights (an id with n card domains gives 1/n to each): Competency Framework 1; chosen domain holds 0 of 1.
ActivityProvider	Organization	STEEL_RIDGE		2026-09-28	LOW. Rule A23 (most specific hub domain naming the entity the object is about): the organization that provides professional-development activities (name, address, local and state ids). Evidence: 7 distinct annotated id(s) outside SIF_Metadata; 7 discounted as shared sub-block (P000010 P000269 P000040 P000190 P000267 P000424 P000214); none object-specific, so judgment from the object name and fields only.
Address	Location Address	STEEL_RIDGE		2026-09-28	LOW. Rule A23 (most specific hub domain naming the entity the object is about): a standalone postal address (street, city, state, postal code). Evidence: SIF annotates no CEDS id on this object outside SIF_Metadata; judgment from the object name and fields only.
AggregateCharacteristicInfo	Data Collection	STEEL_RIDGE		2026-09-28	LOW. Rule A23 (most specific hub domain naming the entity the object is about): defines a characteristic used to disaggregate reported statistics; the hub's nearest home for reporting definitions is Data Collection. Evidence: SIF annotates no CEDS id on this object outside SIF_Metadata; judgment from the object name and fields only.
AggregateStatisticFact	Data Collection	STEEL_RIDGE		2026-09-28	LOW. Rule A23 (most specific hub domain naming the entity the object is about): one reported aggregate value for a statistic and its characteristics; reporting data, so Data Collection. Evidence: SIF annotates no CEDS id on this object outside SIF_Metadata; judgment from the object name and fields only.
AggregateStatisticInfo	Data Collection	STEEL_RIDGE		2026-09-28	LOW. Rule A23 (most specific hub domain naming the entity the object is about): defines a reported statistic (measure, calculation and exclusion rules, approval and expiry); reporting metadata, so Data Collection. Evidence: SIF annotates no CEDS id on this object outside SIF_Metadata; judgment from the object name and fields only.
Assessment	Assessment	STEEL_RIDGE		2026-09-28	HIGH. Rule A23 (most specific hub domain naming the entity the object is about): the assessment itself (name, family, purpose, id system). Evidence: 9 distinct annotated id(s) outside SIF_Metadata; object-specific: P000364 Classroom Identifier -> Classroom | Organization Identification; P000028 Assessment Title -> Assessment; P000931 Assessment Short Name -> Assessment; P001067 Assessment Identifier -> Assessment; P000365 Has Assessment Identification System -> Assessment; P000029 Has Assessment Type -> Assessment; P000026 Has Assessment Purpose -> Assessment | Assessment Registration | Assessment Subtest; P000932 Assessment Family Title -> Assessment; and 1 more. Domain weights (an id with n card domains gives 1/n to each): Assessment 7.33, Classroom 0.5, Organization Identification 0.5, Assessment Registration 0.33; chosen domain holds 7.33 of 9.
AssessmentAdministration	Assessment Administration	STEEL_RIDGE		2026-09-28	MEDIUM. Rule A23 (most specific hub domain naming the entity the object is about): one administration of an assessment (name, dates, place, staff); the hub has a domain of exactly this name. Evidence: 11 distinct annotated id(s) outside SIF_Metadata; 7 discounted as shared sub-block (P000010 P000269 P000040 P000190 P000267 P000424 P000214); 1 with no hub card (P000410); object-specific: P000389 Has Assessment Session Special Circumstance Type -> Assessment Participant Session | Assessment Session; P001021 Assessment Session Actual Start Date Time -> Assessment Participant Session | Assessment Session; P001022 Assessment Session Actual End Date Time -> Assessment Participant Session | Assessment Session. Domain weights (an id with n card domains gives 1/n to each): Assessment Participant Session 1.5, Assessment Session 1.5; chosen domain holds 0 of 3.
AssessmentForm	Assessment Form	STEEL_RIDGE		2026-09-28	MEDIUM. Rule A23 (most specific hub domain naming the entity the object is about): one form of an assessment (form name and number, grade levels, subtest references); the hub has a domain of exactly this name. Evidence: 6 distinct annotated id(s) outside SIF_Metadata; 1 discounted as shared sub-block (P000100); object-specific: P000029 Has Assessment Type -> Assessment; P000366 Assessment Form Number -> Assessment Form; P000177 Has Assessment Level for Which Designed -> Assessment; P000408 Assessment Session Allotted Time -> Assessment Session; P000245 Assessment Result Score Value -> Assessment Result. Domain weights (an id with n card domains gives 1/n to each): Assessment 2, Assessment Form 1, Assessment Result 1, Assessment Session 1; chosen domain holds 1 of 5.
AssessmentItem	Assessment Item	STEEL_RIDGE		2026-09-28	MEDIUM. Rule A23 (most specific hub domain naming the entity the object is about): one test item (stem, stimulus, response choices, score range); the performance-level annotations come from its embedded PerformanceLevels list. Evidence: 7 distinct annotated id(s) outside SIF_Metadata; object-specific: P000390 Has Assessment Item Type -> Assessment Item; P000398 Assessment Item Distractor Analysis -> Assessment Item; P000419 Assessment Performance Level Upper Cut Score -> Assessment Performance Level; P000418 Assessment Performance Level Lower Cut Score -> Assessment Performance Level; P000718 Assessment Performance Level Label -> Assessment Performance Level; P000717 Assessment Performance Level Identifier -> Assessment Performance Level; P000417 Has Assessment Performance Level Score Metric -> Assessment Performance Level. Domain weights (an id with n card domains gives 1/n to each): Assessment Performance Level 5, Assessment Item 2; chosen domain holds 2 of 7.
AssessmentPackage	Assessment Asset	STEEL_RIDGE		2026-09-28	LOW. Rule A23 (most specific hub domain naming the entity the object is about): an opaque XML package carrying assessment content; the hub's content-carrying assessment domain is Assessment Asset. Evidence: SIF annotates no CEDS id on this object outside SIF_Metadata; judgment from the object name and fields only.
AssessmentRegistration	Assessment Registration	STEEL_RIDGE		2026-09-28	MEDIUM. Rule A23 (most specific hub domain naming the entity the object is about): a student's registration for an assessment administration; the hub has a domain of exactly this name. Evidence: 4 distinct annotated id(s) outside SIF_Metadata; 2 discounted as shared sub-block (P000100 P001943); object-specific: P000365 Has Assessment Identification System -> Assessment; P000025 Has Assessment Registration Participation Indicator -> Assessment Registration. Domain weights (an id with n card domains gives 1/n to each): Assessment 1, Assessment Registration 1; chosen domain holds 1 of 2.
AssessmentSubTest	Assessment Subtest	STEEL_RIDGE		2026-09-28	MEDIUM. Rule A23 (most specific hub domain naming the entity the object is about): one subtest (name, score range, tier, item count). Evidence: 12 distinct annotated id(s) outside SIF_Metadata; 1 discounted as shared sub-block (P000100); 1 with no hub card (P000399); object-specific: P000367 Assessment Subtest Identifier -> Assessment Subtest; P000275 Assessment Subtest Title -> Assessment Subtest; P000369 Has Assessment Score Metric Type -> Assessment Result | Assessment Subtest; P000718 Assessment Performance Level Label -> Assessment Performance Level; P000717 Assessment Performance Level Identifier -> Assessment Performance Level; P000417 Has Assessment Performance Level Score Metric -> Assessment Performance Level; P000021 Has Assessment Academic Subject -> Assessment | Assessment Subtest; P000245 Assessment Result Score Value -> Assessment Result; and 2 more. Domain weights (an id with n card domains gives 1/n to each): Assessment Subtest 4.33, Assessment Performance Level 3, Assessment Result 1.5, Assessment 0.83; chosen domain holds 4.33 of 10.
Assignment	Learner Activity	STEEL_RIDGE		2026-09-28	LOW. Rule A23 (most specific hub domain naming the entity the object is about): an assignment given to students (time, materials, standards, attempts, gradebook flag). Evidence: SIF annotates no CEDS id on this object outside SIF_Metadata; judgment from the object name and fields only.
AttendanceCodeInfo	Role Attendance Event	STEEL_RIDGE		2026-09-28	HIGH. Rule A23 (most specific hub domain naming the entity the object is about): a school's attendance code definition (type, status, absence value), used by daily and period attendance events. Evidence: 1 distinct annotated id(s) outside SIF_Metadata; object-specific: P000601 Has Attendance Event Type -> Role Attendance Event. Domain weights (an id with n card domains gives 1/n to each): Role Attendance Event 1; chosen domain holds 1 of 1.
Authentication	Authentication	STEEL_RIDGE		2026-09-28	LOW. Rule A23 (most specific hub domain naming the entity the object is about): authentication information for a SIF object; the hub has a domain of exactly this name. Evidence: SIF annotates no CEDS id on this object outside SIF_Metadata; judgment from the object name and fields only.
BellSchedule	Organization Calendar Day	STEEL_RIDGE		2026-09-28	HIGH. Rule A23 (most specific hub domain naming the entity the object is about): a school's bell schedule (periods, timetable days) for a school year. Evidence: 1 distinct annotated id(s) outside SIF_Metadata; object-specific: P000598 Alternate Day Name -> Organization Calendar Day. Domain weights (an id with n card domains gives 1/n to each): Organization Calendar Day 1; chosen domain holds 1 of 1.
Billing	Financial Account	STEEL_RIDGE		2026-09-28	LOW. Rule A23 (most specific hub domain naming the entity the object is about): an amount billed to an entity (billed amount, date, description); a financial transaction against an account. Evidence: SIF annotates no CEDS id on this object outside SIF_Metadata; judgment from the object name and fields only.
BusEquipment	Person Transportation Eligibility	STEEL_RIDGE		2026-09-28	LOW. Rule A23 (most specific hub domain naming the entity the object is about): a type of bus equipment; the hub has NO vehicle, route or transportation-operations domain, and Person Transportation Eligibility is its only transportation domain, so every transport object is grouped there. Evidence: SIF annotates no CEDS id on this object outside SIF_Metadata; judgment from the object name and fields only.
BusInfo	Person Transportation Eligibility	STEEL_RIDGE		2026-09-28	LOW. Rule A23 (most specific hub domain naming the entity the object is about): one bus (vehicle number, capacity, VIN, plate); the hub has no vehicle domain, grouped with the transport objects. Evidence: SIF annotates no CEDS id on this object outside SIF_Metadata; judgment from the object name and fields only.
BusPositionInfo	Person Transportation Eligibility	STEEL_RIDGE		2026-09-28	LOW. Rule A23 (most specific hub domain naming the entity the object is about): a bus's current position and telemetry (driver, students, odometer); its annotations are all on embedded person names; the hub has no vehicle domain. Evidence: 4 distinct annotated id(s) outside SIF_Metadata; 4 discounted as shared sub-block (P000212 P000172 P000115 P000184); none object-specific, so judgment from the object name and fields only.
BusRouteDetail	Person Transportation Eligibility	STEEL_RIDGE		2026-09-28	LOW. Rule A23 (most specific hub domain naming the entity the object is about): one stop on a bus route with arrival time; the hub has no route domain. Evidence: SIF annotates no CEDS id on this object outside SIF_Metadata; judgment from the object name and fields only.
BusRouteInfo	Person Transportation Eligibility	STEEL_RIDGE		2026-09-28	LOW. Rule A23 (most specific hub domain naming the entity the object is about): one bus route (number, distance, duration, load); its annotations are all on embedded person names; the hub has no route domain. Evidence: 4 distinct annotated id(s) outside SIF_Metadata; 4 discounted as shared sub-block (P000212 P000172 P000115 P000184); none object-specific, so judgment from the object name and fields only.
BusStopInfo	Location Address	STEEL_RIDGE		2026-09-28	LOW. Rule A23 (most specific hub domain naming the entity the object is about): T4 ADOPTED (SPEC A30, EBONY_DREAM 2026-09-29; was Person Transportation Eligibility): the object carries Description, Latitude and Longitude, and Location Address holds the Latitude and Longitude cards; the former domain's 3 cards are a person's eligibility types. Evidence: SIF annotates no CEDS id on this object outside SIF_Metadata; judgment from the object name and fields only.
CalendarDate	Organization Calendar Event	STEEL_RIDGE		2026-09-28	HIGH. Rule A23 (most specific hub domain naming the entity the object is about): one date in a school calendar (type, attendance counts, bell schedule day). Evidence: 2 distinct annotated id(s) outside SIF_Metadata; object-specific: P001275 Calendar Event Date -> Organization Calendar Event; P000603 Has Calendar Event Type -> Organization Calendar Event. Domain weights (an id with n card domains gives 1/n to each): Organization Calendar Event 2; chosen domain holds 2 of 2.
CalendarSummary	Organization Calendar Session	STEEL_RIDGE		2026-09-28	HIGH. Rule A23 (most specific hub domain naming the entity the object is about): a school's calendar summary for a year (days in session, start and end, instructional minutes). Evidence: 9 distinct annotated id(s) outside SIF_Metadata; 1 discounted as shared sub-block (P000100); object-specific: P000243 School Year -> Organization Calendar; P000494 Calendar Code -> Organization Calendar; P000495 Calendar Description -> Organization Calendar; P000496 Days in Session -> Organization Calendar Session; P000497 First Instruction Date -> Organization Calendar Session; P000498 Last Instruction Date -> Organization Calendar Session; P000244 School Year Minutes -> Organization Calendar Session; P000500 Minutes Per Day -> Organization Calendar Session. Domain weights (an id with n card domains gives 1/n to each): Organization Calendar Session 5, Organization Calendar 3; chosen domain holds 5 of 8.
ContentCatalog	Learning Resource	STEEL_RIDGE		2026-09-28	MEDIUM. Rule A23 (most specific hub domain naming the entity the object is about): a catalogue entry for instructional content (title, author, media, cost, standards). Evidence: 6 distinct annotated id(s) outside SIF_Metadata; 1 discounted as shared sub-block (P000100); object-specific: P000702 Competency Framework Subject -> Competency Framework; P000712 Has Curriculum Framework Type -> Career And Technical Course | K12 Course; P000518 Has Core Academic Course -> Career And Technical Course | K12 Course; P000517 Course Description -> Course; P000692 Competency Definition Code -> Competency Definition. Domain weights (an id with n card domains gives 1/n to each): Career And Technical Course 1, Competency Definition 1, Competency Framework 1, Course 1; chosen domain holds 0 of 5.
CurriculumStructure	Competency Framework	STEEL_RIDGE		2026-09-28	HIGH. Rule A23 (most specific hub domain naming the entity the object is about): a curriculum hierarchy (levels, components, predecessors, standards). Evidence: 1 distinct annotated id(s) outside SIF_Metadata; object-specific: P000702 Competency Framework Subject -> Competency Framework. Domain weights (an id with n card domains gives 1/n to each): Competency Framework 1; chosen domain holds 1 of 1.
DisciplineIncident	Incident	STEEL_RIDGE		2026-09-28	HIGH. Rule A23 (most specific hub domain naming the entity the object is about): a discipline incident (offenders, victims, actions, location, weapons); Incident outweighs K12 Student Discipline in the annotations, and the object's subject is the incident, whose offenders are one list within it. Evidence: 19 distinct annotated id(s) outside SIF_Metadata; 4 discounted as shared sub-block (P000212 P000172 P000115 P000184); object-specific: P000501 Incident Identifier -> Incident; P000502 Incident Date -> Incident; P000503 Incident Time -> Incident; P000617 Has Incident Location -> Incident; P000506 Has Incident Reporter Type -> Incident; P000509 Has Incident Behavior -> Incident; P000557 Has Firearm Type -> Incident; P000545 Has Discipline Reason -> K12 Student Discipline; and 7 more. Domain weights (an id with n card domains gives 1/n to each): Incident 9, K12 Student Discipline 6; chosen domain holds 9 of 15.
EmployeeAssignment	K12 Staff Assignment	STEEL_RIDGE		2026-09-28	MEDIUM. Rule A23 (most specific hub domain naming the entity the object is about): an HR staff assignment (job classification, program, funding, FTE, start and end). Evidence: 9 distinct annotated id(s) outside SIF_Metadata; object-specific: P000525 Has Primary Assignment Indicator -> K12 Staff Assignment; P000526 Assignment Start Date -> Assignment; P000527 Assignment End Date -> Assignment; P000225 Has Program Type -> Organization Program Type; P000552 Has Title I Targeted Assistance Staff Funded -> Early Learning Staff Employment | K12 Staff Employment; P000564 Has Special Education Age Group Taught -> Early Learning Staff Assignment | K12 Staff Assignment; P000558 Has Special Education Support Services Category -> Early Learning Staff Assignment | K12 Staff Assignment | Service Staff; P001961 Has EDFacts Teacher Inexperienced Status -> K12 Staff Assignment; and 1 more. Domain weights (an id with n card domains gives 1/n to each): K12 Staff Assignment 3.83, Assignment 2, Organization Program Type 1, Early Learning Staff Assignment 0.83; chosen domain holds 3.83 of 9.
EmployeeContract	Employment	STEEL_RIDGE		2026-09-28	MEDIUM. Rule A23 (most specific hub domain naming the entity the object is about): an employee's contract (term, start and end, contract days, base salary); annotations split one each between Employment and Staff Compensation, and the contract is the employment agreement of which salary is one term. Evidence: 2 distinct annotated id(s) outside SIF_Metadata; object-specific: P000032 Staff Compensation Base Salary -> Staff Compensation; P000047 Contract Days of Service Per Year -> Employment. Domain weights (an id with n card domains gives 1/n to each): Employment 1, Staff Compensation 1; chosen domain holds 1 of 2.
EmployeeCredential	Staff Credential	STEEL_RIDGE		2026-09-28	MEDIUM. Rule A23 (most specific hub domain naming the entity the object is about): an employee's credentials and certifications (teaching credential type, highly qualified status, background checks); most annotations are on its embedded demographics block. Evidence: 23 distinct annotated id(s) outside SIF_Metadata; 14 discounted as shared sub-block (P000212 P000172 P000115 P000184 P001943 P001944 P000033 P000051 P000427 P000529 P000180 P000317 P001576 P000100); 2 with no hub card (P000259 P000144); object-specific: P000365 Has Assessment Identification System -> Assessment; P000295 Staff Compensation Total Salary -> Staff Compensation; P000070 (Deprecated) Credential Issuance Date -> Person Credential; P000069 Credential Expiration Date -> Person Credential; P000142 Has Highly Qualified Teacher Indicator -> K12 Staff Assignment; P000207 Has Paraprofessional Qualification Status -> Staff Credential; P000220 Has Professional Educational Job Classification -> Early Learning Staff Assignment | K12 Staff Assignment. Domain weights (an id with n card domains gives 1/n to each): Person Credential 2, K12 Staff Assignment 1.5, Assessment 1, Staff Compensation 1; chosen domain holds 1 of 7.
EmployeeCredit	Staff Professional Development Activity	STEEL_RIDGE		2026-09-28	LOW. Rule A23 (most specific hub domain naming the entity the object is about): professional-development credit an employee earned for an activity. Evidence: SIF annotates no CEDS id on this object outside SIF_Metadata; judgment from the object name and fields only.
EmployeePersonal	K12 Staff Employment	STEEL_RIDGE		2026-09-28	LOW. Rule A23 (most specific hub domain naming the entity the object is about): the employee as a person (HR view of StaffPersonal: name, demographics, ids, benefit eligibility); STAFF ANCHOR. Evidence: 24 distinct annotated id(s) outside SIF_Metadata; 23 discounted as shared sub-block (P000212 P000172 P000115 P000184 P001943 P001944 P000033 P000051 P000427 P000529 P000180 P000317 P001576 P000010 P000269 P000040 P000190 P000267 P000424 P000214 P000280 P000279 P000089); 1 with no hub card (P000144); none object-specific, so judgment from the object name and fields only.
EmployeePicture	K12 Staff Employment	STEEL_RIDGE		2026-09-28	LOW. Rule A23 (most specific hub domain naming the entity the object is about): an employee's picture; STAFF ANCHOR, so that it partitions with the other staff-person objects. Evidence: SIF annotates no CEDS id on this object outside SIF_Metadata; judgment from the object name and fields only.
EmployeeRecertification	Staff Credential	STEEL_RIDGE		2026-09-28	LOW. Rule A23 (most specific hub domain naming the entity the object is about): an employee's recertification activity (activity type, hours, credit earned); annotations are all on its embedded name and demographics. Evidence: 14 distinct annotated id(s) outside SIF_Metadata; 13 discounted as shared sub-block (P000212 P000172 P000115 P000184 P001943 P001944 P000033 P000051 P000427 P000529 P000180 P000317 P001576); 1 with no hub card (P000144); none object-specific, so judgment from the object name and fields only.
EmployeeWage	Staff Compensation	STEEL_RIDGE		2026-09-28	LOW. Rule A23 (most specific hub domain naming the entity the object is about): an employee's pay rates. Evidence: SIF annotates no CEDS id on this object outside SIF_Metadata; judgment from the object name and fields only.
EmploymentRecord	Employment	STEEL_RIDGE		2026-09-28	HIGH. Rule A23 (most specific hub domain naming the entity the object is about): an employment record (hire and termination dates, position, tenure, experience). Evidence: 3 distinct annotated id(s) outside SIF_Metadata; object-specific: P000347 Has Employment Status -> Employment; P000302 Years of Prior Teaching Experience -> Staff Experience; P000213 Position Title -> Employment. Domain weights (an id with n card domains gives 1/n to each): Employment 2, Staff Experience 1; chosen domain holds 2 of 3.
EnergyUsage	Facility Energy	STEEL_RIDGE		2026-09-28	LOW. Rule A23 (most specific hub domain naming the entity the object is about): energy usage for a location; the hub has a domain of exactly this subject. Evidence: SIF annotates no CEDS id on this object outside SIF_Metadata; judgment from the object name and fields only.
FinancialAccount	Financial Account	STEEL_RIDGE		2026-09-28	LOW. Rule A23 (most specific hub domain naming the entity the object is about): a financial account (number, name, class). Evidence: SIF annotates no CEDS id on this object outside SIF_Metadata; judgment from the object name and fields only.
FinancialAccountAccountingPeriodLocationInfo	Financial Account	STEEL_RIDGE		2026-09-28	LOW. Rule A23 (most specific hub domain naming the entity the object is about): links a financial account to an accounting period and location. Evidence: SIF annotates no CEDS id on this object outside SIF_Metadata; judgment from the object name and fields only.
FinancialAnnual	Organization Financial	STEEL_RIDGE		2026-09-28	LOW. Rule A23 (most specific hub domain naming the entity the object is about): an organization's annual financial report for a fiscal year. Evidence: SIF annotates no CEDS id on this object outside SIF_Metadata; judgment from the object name and fields only.
FinancialBudget	Organization Financial	STEEL_RIDGE		2026-09-28	LOW. Rule A23 (most specific hub domain naming the entity the object is about): an organization's budget for a fiscal year. Evidence: SIF annotates no CEDS id on this object outside SIF_Metadata; judgment from the object name and fields only.
FinancialClass	Financial Account	STEEL_RIDGE		2026-09-28	LOW. Rule A23 (most specific hub domain naming the entity the object is about): a classification of financial accounts (asset, liability, revenue, expense). Evidence: SIF annotates no CEDS id on this object outside SIF_Metadata; judgment from the object name and fields only.
FinancialIncomeStatement	Organization Financial	STEEL_RIDGE		2026-09-28	LOW. Rule A23 (most specific hub domain naming the entity the object is about): an income statement for a program, period and location. Evidence: SIF annotates no CEDS id on this object outside SIF_Metadata; judgment from the object name and fields only.
FinancialTransaction	Financial Account	STEEL_RIDGE		2026-09-28	LOW. Rule A23 (most specific hub domain naming the entity the object is about): one transaction against financial accounts (amounts, program, date). Evidence: SIF annotates no CEDS id on this object outside SIF_Metadata; judgment from the object name and fields only.
FiscalYear	Organization Financial	STEEL_RIDGE		2026-09-28	LOW. Rule A23 (most specific hub domain naming the entity the object is about): a fiscal year definition (start and end). Evidence: SIF annotates no CEDS id on this object outside SIF_Metadata; judgment from the object name and fields only.
FoodserviceItem	Program Participation Food Service	STEEL_RIDGE		2026-09-28	LOW. Rule A23 (most specific hub domain naming the entity the object is about): a food-service item; the hub's ONLY food-service domain is Program Participation Food Service, so every food-service object is grouped there. Evidence: SIF annotates no CEDS id on this object outside SIF_Metadata; judgment from the object name and fields only.
FoodserviceItemPortion	Program Participation Food Service	STEEL_RIDGE		2026-09-28	LOW. Rule A23 (most specific hub domain naming the entity the object is about): a portion size of a food-service item; grouped with the food-service objects. Evidence: SIF annotates no CEDS id on this object outside SIF_Metadata; judgment from the object name and fields only.
FoodserviceItemSales	Program Participation Food Service	STEEL_RIDGE		2026-09-28	LOW. Rule A23 (most specific hub domain naming the entity the object is about): daily sales of food-service items at a school; its one annotation is the reused grade-level code list. Evidence: 1 distinct annotated id(s) outside SIF_Metadata; 1 discounted as shared sub-block (P000100); none object-specific, so judgment from the object name and fields only.
FoodserviceItemUnit	Program Participation Food Service	STEEL_RIDGE		2026-09-28	LOW. Rule A23 (most specific hub domain naming the entity the object is about): a unit of measure for a food-service item; grouped with the food-service objects. Evidence: SIF annotates no CEDS id on this object outside SIF_Metadata; judgment from the object name and fields only.
FoodserviceMealPrices	Program Participation Food Service	STEEL_RIDGE		2026-09-28	LOW. Rule A23 (most specific hub domain naming the entity the object is about): meal prices at a school by program; its one annotation is the reused grade-level code list. Evidence: 1 distinct annotated id(s) outside SIF_Metadata; 1 discounted as shared sub-block (P000100); none object-specific, so judgment from the object name and fields only.
FoodserviceMenuPlan	Program Participation Food Service	STEEL_RIDGE		2026-09-28	LOW. Rule A23 (most specific hub domain naming the entity the object is about): a school's menu plan (quantities, projected participation); its one annotation is the reused grade-level code list. Evidence: 1 distinct annotated id(s) outside SIF_Metadata; 1 discounted as shared sub-block (P000100); none object-specific, so judgment from the object name and fields only.
FoodserviceMilkSales	Program Participation Food Service	STEEL_RIDGE		2026-09-28	LOW. Rule A23 (most specific hub domain naming the entity the object is about): daily milk sales at a school. Evidence: SIF annotates no CEDS id on this object outside SIF_Metadata; judgment from the object name and fields only.
FoodservicePurchaseTransaction	Program Participation Food Service	STEEL_RIDGE		2026-09-28	LOW. Rule A23 (most specific hub domain naming the entity the object is about): purchased quantities within a food-service transaction. Evidence: SIF annotates no CEDS id on this object outside SIF_Metadata; judgment from the object name and fields only.
FoodserviceReimbursementRates	Program Participation Food Service	STEEL_RIDGE		2026-09-28	LOW. Rule A23 (most specific hub domain naming the entity the object is about): meal reimbursement rates by agency and program. Evidence: SIF annotates no CEDS id on this object outside SIF_Metadata; judgment from the object name and fields only.
FoodserviceSales	Program Participation Food Service	STEEL_RIDGE		2026-09-28	LOW. Rule A23 (most specific hub domain naming the entity the object is about): daily meal sales amounts at a school. Evidence: SIF annotates no CEDS id on this object outside SIF_Metadata; judgment from the object name and fields only.
FoodserviceStaffEnrollmentCount	Program Participation Food Service	STEEL_RIDGE		2026-09-28	LOW. Rule A23 (most specific hub domain naming the entity the object is about): count of staff enrolled in a food-service program; grouped with the food-service objects, not with the staff anchor, because its questions are counts, not staff attributes. Evidence: SIF annotates no CEDS id on this object outside SIF_Metadata; judgment from the object name and fields only.
FoodserviceStaffMealCounts	Program Participation Food Service	STEEL_RIDGE		2026-09-28	LOW. Rule A23 (most specific hub domain naming the entity the object is about): daily staff meal counts; food-service counts, not staff attributes. Evidence: SIF annotates no CEDS id on this object outside SIF_Metadata; judgment from the object name and fields only.
FoodserviceStudentEnrollmentCount	Program Participation Food Service	STEEL_RIDGE		2026-09-28	LOW. Rule A23 (most specific hub domain naming the entity the object is about): count of students enrolled in a food-service program. Evidence: SIF annotates no CEDS id on this object outside SIF_Metadata; judgment from the object name and fields only.
FoodserviceStudentMealCounts	Program Participation Food Service	STEEL_RIDGE		2026-09-28	LOW. Rule A23 (most specific hub domain naming the entity the object is about): daily student meal counts. Evidence: SIF annotates no CEDS id on this object outside SIF_Metadata; judgment from the object name and fields only.
FoodserviceTransaction	Program Participation Food Service	STEEL_RIDGE		2026-09-28	LOW. Rule A23 (most specific hub domain naming the entity the object is about): a food-service sale to a customer (amount, tax, program). Evidence: SIF annotates no CEDS id on this object outside SIF_Metadata; judgment from the object name and fields only.
FoodserviceTransactionDetails	Program Participation Food Service	STEEL_RIDGE		2026-09-28	LOW. Rule A23 (most specific hub domain naming the entity the object is about): line amounts of a food-service transaction. Evidence: SIF annotates no CEDS id on this object outside SIF_Metadata; judgment from the object name and fields only.
FoodserviceTransactionPayMethod	Program Participation Food Service	STEEL_RIDGE		2026-09-28	LOW. Rule A23 (most specific hub domain naming the entity the object is about): how a food-service transaction was paid. Evidence: SIF annotates no CEDS id on this object outside SIF_Metadata; judgment from the object name and fields only.
GradingAssignment	Learner Activity	STEEL_RIDGE		2026-09-28	LOW. Rule A23 (most specific hub domain naming the entity the object is about): a gradebook assignment in a section (points possible, due date, weight). Evidence: SIF annotates no CEDS id on this object outside SIF_Metadata; judgment from the object name and fields only.
GradingAssignmentScore	Learner Action	STEEL_RIDGE		2026-09-28	HIGH. Rule A23 (most specific hub domain naming the entity the object is about): a student's score on a gradebook assignment. Evidence: 1 distinct annotated id(s) outside SIF_Metadata; object-specific: P000934 Has Learner Action Type -> Learner Action. Domain weights (an id with n card domains gives 1/n to each): Learner Action 1; chosen domain holds 1 of 1.
GradingCategory	Learner Activity	STEEL_RIDGE		2026-09-28	LOW. Rule A23 (most specific hub domain naming the entity the object is about): a gradebook category grouping assignments in a section. Evidence: SIF annotates no CEDS id on this object outside SIF_Metadata; judgment from the object name and fields only.
IdMApplication	Application	STEEL_RIDGE		2026-09-28	LOW. Rule A23 (most specific hub domain naming the entity the object is about): an application registered with identity management (name, URI, functions, identity providers); UNCERTAIN: I am inferring from the hub name that its 'Application' domain is the software application of the authentication family, not an admission application. Evidence: SIF annotates no CEDS id on this object outside SIF_Metadata; judgment from the object name and fields only.
IdMAuthentication	Authentication	STEEL_RIDGE		2026-09-28	LOW. Rule A23 (most specific hub domain naming the entity the object is about): an identity-provider login for a user-organization association. Evidence: SIF annotates no CEDS id on this object outside SIF_Metadata; judgment from the object name and fields only.
IdMAuthorization	Authorization	STEEL_RIDGE		2026-09-28	LOW. Rule A23 (most specific hub domain naming the entity the object is about): an authorization of a user-organization association to an application function. Evidence: SIF annotates no CEDS id on this object outside SIF_Metadata; judgment from the object name and fields only.
ItemCharacteristics	Assessment Item Characteristic	STEEL_RIDGE		2026-09-28	MEDIUM. Rule A23 (most specific hub domain naming the entity the object is about): measured statistics of an assessment item (percent correct, differential item analysis); annotations tie Assessment Item and Assessment Item Characteristic, and the object is named for the latter. Evidence: 6 distinct annotated id(s) outside SIF_Metadata; 1 with no hub card (P000608); object-specific: P000709 Assessment Item Characteristic Value -> Assessment Item Characteristic; P000397 Assessment Subtest Optimal Value -> Assessment Subtest; P000708 Assessment Item Minimum Score -> Assessment Item; P000707 Assessment Item Maximum Score -> Assessment Item; P000393 Assessment Item Response Choice Pattern -> Assessment Item Characteristic. Domain weights (an id with n card domains gives 1/n to each): Assessment Item 2, Assessment Item Characteristic 2, Assessment Subtest 1; chosen domain holds 2 of 5.
LEAAccountability	Organization Federal Accountability	STEEL_RIDGE		2026-09-28	HIGH. Rule A23 (most specific hub domain naming the entity the object is about): an LEA's federal accountability status (Gun-Free Schools Act reporting). Evidence: 1 distinct annotated id(s) outside SIF_Metadata; object-specific: P000134 Has Gun Free Schools Act Reporting Status -> Organization Federal Accountability. Domain weights (an id with n card domains gives 1/n to each): Organization Federal Accountability 1; chosen domain holds 1 of 1.
LEAFederalFund	K12 Federal Fund Allocation	STEEL_RIDGE		2026-09-28	HIGH. Rule A23 (most specific hub domain naming the entity the object is about): T4 ADOPTED (SPEC A30, EBONY_DREAM 2026-09-29; was Local Education Agency Federal Funds): 2 of the 3 annotated ids have their card in K12 Federal Fund Allocation and the former domain holds 0 of 3, none of its 8 cards matching a field; SchoolFederalFund already uses this domain. Evidence: 3 distinct annotated id(s) outside SIF_Metadata; object-specific: P000547 Has Federal Program Code -> Financial Account; P000549 Federal Programs Funding Allocation -> K12 Federal Fund Allocation; P000560 Has Rural Education Achievement Program Alternative Funding Status -> K12 Federal Fund Allocation. Domain weights (an id with n card domains gives 1/n to each): K12 Federal Fund Allocation 2, Financial Account 1; chosen domain holds 2 of 3.
LEAInfo	Local Education Agency	STEEL_RIDGE		2026-09-28	MEDIUM. Rule A23 (most specific hub domain naming the entity the object is about): the LEA itself (name, ids, type, operational status, contacts). Evidence: 24 distinct annotated id(s) outside SIF_Metadata; 15 discounted as shared sub-block (P000212 P000172 P000115 P000184 P000010 P000269 P000040 P000190 P000267 P000424 P000214 P000089 P000280 P000279 P000100); 2 with no hub card (P001072 P001073); object-specific: P001068 Local Education Agency Identifier -> Organization Identification; P000204 Organization Name -> Organization Title; P000704 Web Site Address -> Organization Website; P000537 Has Local Education Agency Type -> Early Learning Organization | Local Education Agency; P000364 Classroom Identifier -> Classroom | Organization Identification; P000174 Has Local Education Agency Operational Status -> Local Education Agerncy Operational Detail; P000534 Operational Status Effective Date -> Local Education Agerncy Operational Detail | Organization Operational Detail | School Operational Detail. Domain weights (an id with n card domains gives 1/n to each): Organization Identification 1.5, Local Education Agerncy Operational Detail 1.33, Organization Title 1, Organization Website 1; chosen domain holds 0.5 of 7.
LearningResource	Learning Resource	STEEL_RIDGE		2026-09-28	MEDIUM. Rule A23 (most specific hub domain naming the entity the object is about): a learning resource (name, author, media, approvals, standards). Evidence: 18 distinct annotated id(s) outside SIF_Metadata; 15 discounted as shared sub-block (P000212 P000172 P000115 P000184 P000010 P000269 P000040 P000190 P000267 P000424 P000214 P000280 P000279 P000089 P000100); object-specific: P000696 Competency Framework Creator -> Competency Framework; P000697 Competency Framework Description -> Competency Framework; P000702 Competency Framework Subject -> Competency Framework. Domain weights (an id with n card domains gives 1/n to each): Competency Framework 3; chosen domain holds 0 of 3.
LearningResourcePackage	Learning Resource	STEEL_RIDGE		2026-09-28	LOW. Rule A23 (most specific hub domain naming the entity the object is about): the content package of a learning resource. Evidence: SIF annotates no CEDS id on this object outside SIF_Metadata; judgment from the object name and fields only.
LearningStandardAssociation	Competency Definition Association	STEEL_RIDGE		2026-09-28	LOW. Rule A23 (most specific hub domain naming the entity the object is about): associates a learning standard with target objects. Evidence: SIF annotates no CEDS id on this object outside SIF_Metadata; judgment from the object name and fields only.
LearningStandardDocument	Competency Framework	STEEL_RIDGE		2026-09-28	HIGH. Rule A23 (most specific hub domain naming the entity the object is about): a standards document (title, version, authors, subject areas). Evidence: 7 distinct annotated id(s) outside SIF_Metadata; 1 discounted as shared sub-block (P000100); object-specific: P000694 Competency Framework Title -> Competency Framework; P000699 Competency Framework Jurisdiction -> Competency Framework; P000693 Competency Framework Identifier URI -> Competency Framework; P000702 Competency Framework Subject -> Competency Framework; P000700 Competency Framework Valid Start Date -> Competency Framework; P000701 Competency Framework Valid End Date -> Competency Framework. Domain weights (an id with n card domains gives 1/n to each): Competency Framework 6; chosen domain holds 6 of 6.
LearningStandardItem	Competency Definition	STEEL_RIDGE		2026-09-28	HIGH. Rule A23 (most specific hub domain naming the entity the object is about): one statement within a standards document (identifier, level, statement codes). Evidence: 10 distinct annotated id(s) outside SIF_Metadata; 1 discounted as shared sub-block (P000100); 1 with no hub card (P002616); object-specific: P000689 Competency Definition Identifier -> Competency Definition; P000695 Competency Framework Version -> Competency Framework; P000691 Competency Definition Type -> Competency Definition; P000518 Has Core Academic Course -> Career And Technical Course | K12 Course; P000517 Course Description -> Course; P000692 Competency Definition Code -> Competency Definition; P000690 Competency Definition Statement -> Competency Definition; P000702 Competency Framework Subject -> Competency Framework. Domain weights (an id with n card domains gives 1/n to each): Competency Definition 4, Competency Framework 2, Course 1, Career And Technical Course 0.5; chosen domain holds 4 of 8.
Lesson	Learning Resource	STEEL_RIDGE		2026-09-28	MEDIUM. Rule A23 (most specific hub domain naming the entity the object is about): a lesson plan (procedure, strategies, objectives, supporting activities). Evidence: 13 distinct annotated id(s) outside SIF_Metadata; 12 discounted as shared sub-block (P000212 P000172 P000115 P000184 P000010 P000269 P000040 P000190 P000267 P000424 P000214 P000089); object-specific: P000702 Competency Framework Subject -> Competency Framework. Domain weights (an id with n card domains gives 1/n to each): Competency Framework 1; chosen domain holds 0 of 1.
LibraryPatronStatus	Learning Resource Issued	STEEL_RIDGE		2026-09-28	LOW. Rule A23 (most specific hub domain naming the entity the object is about): a patron's library status (checkouts, overdues, fines). Evidence: SIF annotates no CEDS id on this object outside SIF_Metadata; judgment from the object name and fields only.
LocationInfo	Facility	STEEL_RIDGE		2026-09-28	MEDIUM. Rule A23 (most specific hub domain naming the entity the object is about): a location (site, building, room) with parent location, LEA and school. Evidence: 11 distinct annotated id(s) outside SIF_Metadata; 9 discounted as shared sub-block (P000010 P000269 P000040 P000190 P000267 P000424 P000214 P000280 P000279); 1 with no hub card (P001073); object-specific: P000364 Classroom Identifier -> Classroom | Organization Identification. Domain weights (an id with n card domains gives 1/n to each): Classroom 0.5, Organization Identification 0.5; chosen domain holds 0 of 1.
MarkInfo	K12 Student Course Section Mark	STEEL_RIDGE		2026-09-28	LOW. Rule A23 (most specific hub domain naming the entity the object is about): a school's definition of a grading mark. Evidence: SIF annotates no CEDS id on this object outside SIF_Metadata; judgment from the object name and fields only.
MarkValueInfo	K12 Student Course Section Mark	STEEL_RIDGE		2026-09-28	LOW. Rule A23 (most specific hub domain naming the entity the object is about): the value scale of a grading mark (numeric, letter, percentage, narrative). Evidence: SIF annotates no CEDS id on this object outside SIF_Metadata; judgment from the object name and fields only.
OfficialStudentPeriodAttendance	Role Attendance Event	STEEL_RIDGE		2026-09-28	LOW. Rule A23 (most specific hub domain naming the entity the object is about): a student's official attendance for one period. Evidence: SIF annotates no CEDS id on this object outside SIF_Metadata; judgment from the object name and fields only.
Payment	Financial Account	STEEL_RIDGE		2026-09-28	LOW. Rule A23 (most specific hub domain naming the entity the object is about): a payment received against a billing. Evidence: SIF annotates no CEDS id on this object outside SIF_Metadata; judgment from the object name and fields only.
PersonPrivacyObligationDocument	Organization	STEEL_RIDGE		2026-09-28	HIGH. Rule A23 (most specific hub domain naming the entity the object is about): a person's privacy consent and data-sharing obligations under applicable law; its only non-shared annotation points to Organization, and I follow it, though the subject could be read as an authorization document. Evidence: 2 distinct annotated id(s) outside SIF_Metadata; 1 discounted as shared sub-block (P000050); object-specific: P001156 Has Organization Type -> Organization. Domain weights (an id with n card domains gives 1/n to each): Organization 1; chosen domain holds 1 of 1.
PersonRoleAssociation	Membership	STEEL_RIDGE		2026-09-28	LOW. Rule A23 (most specific hub domain naming the entity the object is about): T4 ADOPTED (SPEC A30, EBONY_DREAM 2026-09-29; was Person): Membership covers PersonRefId, AssociatedRoleRefId, EntryDate and ExitDate; Person's cards are Has-X links and match nothing; neither a student nor a staff object. Evidence: SIF annotates no CEDS id on this object outside SIF_Metadata; judgment from the object name and fields only.
ProfessionalDevelopmentActivities	Professional Development Activity	STEEL_RIDGE		2026-09-28	LOW. Rule A23 (most specific hub domain naming the entity the object is about): a professional-development activity (dates, hours, credits, funding). Evidence: SIF annotates no CEDS id on this object outside SIF_Metadata; judgment from the object name and fields only.
ProfessionalDevelopmentProgram	Professional Development Activity	STEEL_RIDGE		2026-09-28	LOW. Rule A23 (most specific hub domain naming the entity the object is about): a professional-development program grouping activities; the hub has no PD-program domain. Evidence: SIF annotates no CEDS id on this object outside SIF_Metadata; judgment from the object name and fields only.
ProfessionalDevelopmentRegistration	Staff Professional Development Activity	STEEL_RIDGE		2026-09-28	LOW. Rule A23 (most specific hub domain naming the entity the object is about): an employee's registration in a professional-development activity. Evidence: SIF annotates no CEDS id on this object outside SIF_Metadata; judgment from the object name and fields only.
Purchasing	Organization Financial	STEEL_RIDGE		2026-09-28	LOW. Rule A23 (most specific hub domain naming the entity the object is about): a purchasing transaction (form, vendor, fiscal year, items). Evidence: SIF annotates no CEDS id on this object outside SIF_Metadata; judgment from the object name and fields only.
RTIResults	Goal Performance	STEEL_RIDGE		2026-09-28	LOW. Rule A23 (most specific hub domain naming the entity the object is about): results of a response-to-intervention (measurements against baselines and targets). Evidence: SIF annotates no CEDS id on this object outside SIF_Metadata; judgment from the object name and fields only.
ResponseToIntervention	Individualized Program Service	STEEL_RIDGE		2026-09-28	MEDIUM. Rule A23 (most specific hub domain naming the entity the object is about): T4 ADOPTED (SPEC A30, EBONY_DREAM 2026-09-29; was Service Plan): all 5 cards of Individualized Program Service (planned service start date, type, delivery method, frequency, duration) have a counterpart field; Service Plan covers 2; its one annotation comes from its embedded standards reference. Evidence: 1 distinct annotated id(s) outside SIF_Metadata; object-specific: P000702 Competency Framework Subject -> Competency Framework. Domain weights (an id with n card domains gives 1/n to each): Competency Framework 1; chosen domain holds 0 of 1.
RoomInfo	Classroom	STEEL_RIDGE		2026-09-28	MEDIUM. Rule A23 (most specific hub domain naming the entity the object is about): a room in a school (number, capacity, staff, homeroom). Evidence: 4 distinct annotated id(s) outside SIF_Metadata; 2 discounted as shared sub-block (P000280 P000279); 1 with no hub card (P002507); object-specific: P000364 Classroom Identifier -> Classroom | Organization Identification. Domain weights (an id with n card domains gives 1/n to each): Classroom 0.5, Organization Identification 0.5; chosen domain holds 0.5 of 1.
RoomType	Facility	STEEL_RIDGE		2026-09-28	HIGH. Rule A23 (most specific hub domain naming the entity the object is about): a school's room-type definition. Evidence: 1 distinct annotated id(s) outside SIF_Metadata; object-specific: P000504 Facilities Identifier -> Facility. Domain weights (an id with n card domains gives 1/n to each): Facility 1; chosen domain holds 1 of 1.
SEAAccountability	Organization Federal Accountability	STEEL_RIDGE		2026-09-28	HIGH. Rule A23 (most specific hub domain naming the entity the object is about): an SEA's federal accountability status. Evidence: 1 distinct annotated id(s) outside SIF_Metadata; object-specific: P000140 Has High School Graduation Rate Indicator Status -> Organization Federal Accountability. Domain weights (an id with n card domains gives 1/n to each): Organization Federal Accountability 1; chosen domain holds 1 of 1.
SEAFederalFund	K12 Federal Fund Allocation	STEEL_RIDGE		2026-09-28	MEDIUM. Rule A23 (most specific hub domain naming the entity the object is about): T4 ADOPTED (SPEC A30, EBONY_DREAM 2026-09-29; was State Education Agency Federal Funds): the same entity shape as LEAFederalFund, so SEA follows LEA; its own evidence is a 1:1 tie and the former domain holds 0 of 2. Evidence: 2 distinct annotated id(s) outside SIF_Metadata; object-specific: P000547 Has Federal Program Code -> Financial Account; P000549 Federal Programs Funding Allocation -> K12 Federal Fund Allocation. Domain weights (an id with n card domains gives 1/n to each): Financial Account 1, K12 Federal Fund Allocation 1; chosen domain holds 1 of 2.
SEAInfo	State Education Agency	STEEL_RIDGE		2026-09-28	MEDIUM. Rule A23 (most specific hub domain naming the entity the object is about): the SEA itself (name, ids, contacts, EDEN info). Evidence: 18 distinct annotated id(s) outside SIF_Metadata; 14 discounted as shared sub-block (P000212 P000172 P000115 P000184 P000010 P000269 P000040 P000190 P000267 P000424 P000214 P000089 P000280 P000279); 1 with no hub card (P000052); object-specific: P001490 State Agency Identifier -> Organization Identification; P002191 Has Hotspot Received Indicator -> Person Digital Access; P000075 Has Career and Technical Education Graduation Rate Inclusion -> Organization Federal Accountability. Domain weights (an id with n card domains gives 1/n to each): Organization Federal Accountability 1, Organization Identification 1, Person Digital Access 1; chosen domain holds 0 of 3.
SchoolAccountability	Organization Federal Accountability	STEEL_RIDGE		2026-09-28	MEDIUM. Rule A23 (most specific hub domain naming the entity the object is about): a school's federal accountability statuses; annotations tie Organization Federal Accountability and K12 School Improvement, and most of its fields are accountability statuses. Evidence: 2 distinct annotated id(s) outside SIF_Metadata; object-specific: P000134 Has Gun Free Schools Act Reporting Status -> Organization Federal Accountability; P000481 School Improvement Exit Date -> K12 School Improvement. Domain weights (an id with n card domains gives 1/n to each): K12 School Improvement 1, Organization Federal Accountability 1; chosen domain holds 1 of 2.
SchoolCourseInfo	Course	STEEL_RIDGE		2026-09-28	MEDIUM. Rule A23 (most specific hub domain naming the entity the object is about): a course offered at a school (codes, title, credits, SCED code). Evidence: 7 distinct annotated id(s) outside SIF_Metadata; 1 with no hub card (P000246); object-specific: P000056 Has Course Code System -> Organization Identification; P000055 Course Identifier -> Course; P000702 Competency Framework Subject -> Competency Framework; P000067 Course Title -> Organization Title; P000060 Has Course Grade Point Average Applicability -> Course; P000013 Has Course Aligned with Standards -> Career And Technical Course | K12 Course. Domain weights (an id with n card domains gives 1/n to each): Course 2, Competency Framework 1, Organization Identification 1, Organization Title 1; chosen domain holds 2 of 6.
SchoolFederalFund	K12 Federal Fund Allocation	STEEL_RIDGE		2026-09-28	MEDIUM. Rule A23 (most specific hub domain naming the entity the object is about): a school's federal fund allocations and statuses. Evidence: 2 distinct annotated id(s) outside SIF_Metadata; object-specific: P000542 Has Consolidated Migrant Education Program Funds Status -> K12 School Status; P000480 School Improvement Allocation -> K12 Federal Fund Allocation. Domain weights (an id with n card domains gives 1/n to each): K12 Federal Fund Allocation 1, K12 School Status 1; chosen domain holds 1 of 2.
SchoolInfo	K12 School	STEEL_RIDGE		2026-09-28	MEDIUM. Rule A23 (most specific hub domain naming the entity the object is about): the school itself (name, ids, type, grade levels, contacts). Evidence: 30 distinct annotated id(s) outside SIF_Metadata; 15 discounted as shared sub-block (P000212 P000172 P000115 P000184 P000010 P000269 P000040 P000190 P000267 P000424 P000214 P000089 P000280 P000279 P000100); 1 with no hub card (P001073); object-specific: P000365 Has Assessment Identification System -> Assessment; P000826 Organization Identifier -> Organization Identification; P000827 Has Organization Identification System -> Organization Identification; P000191 Name of Institution -> Organization Title | Person Degree Or Certificate; P000181 Has Magnet or Special Program Emphasis School -> K12 School Status; P000704 Web Site Address -> Organization Website; P000364 Classroom Identifier -> Classroom | Organization Identification; P000533 Has School Operational Status -> School Operational Detail; and 6 more. Domain weights (an id with n card domains gives 1/n to each): K12 School 4, Organization Identification 2.5, School Operational Detail 1.33, Assessment 1; chosen domain holds 4 of 14.
SectionCorrelation	Course Section	STEEL_RIDGE		2026-09-28	LOW. Rule A23 (most specific hub domain naming the entity the object is about): correlates course sections with one another. Evidence: SIF annotates no CEDS id on this object outside SIF_Metadata; judgment from the object name and fields only.
SectionInfo	Course Section	STEEL_RIDGE		2026-09-28	MEDIUM. Rule A23 (most specific hub domain naming the entity the object is about): a course section (codes, schedule, medium and location of instruction). Evidence: 7 distinct annotated id(s) outside SIF_Metadata; object-specific: P000521 Class Meeting Days -> Course Section Schedule; P000522 Class Period -> Course Section Schedule; P000448 Has Instruction Language -> Course | Course Section; P000524 Has Receiving Location of Instruction -> Course Section Location; P000702 Competency Framework Subject -> Competency Framework; P000067 Course Title -> Organization Title; P000055 Course Identifier -> Course. Domain weights (an id with n card domains gives 1/n to each): Course Section Schedule 2, Course 1.5, Competency Framework 1, Course Section Location 1; chosen domain holds 0.5 of 7.
SectionMarkInfo	K12 Student Course Section Mark	STEEL_RIDGE		2026-09-28	LOW. Rule A23 (most specific hub domain naming the entity the object is about): the term mark lists of a section. Evidence: SIF annotates no CEDS id on this object outside SIF_Metadata; judgment from the object name and fields only.
StaffAssignment	K12 Staff Assignment	STEEL_RIDGE		2026-09-28	MEDIUM. Rule A23 (most specific hub domain naming the entity the object is about): a staff member's assignment at a school (job function, teaching assignment, FTE). Evidence: 7 distinct annotated id(s) outside SIF_Metadata; 1 discounted as shared sub-block (P000100); 1 with no hub card (P002276); object-specific: P000365 Has Assessment Identification System -> Assessment; P000143 Hire Date -> Employment; P000646 Teaching Assignment End Date -> Assignment; P001961 Has EDFacts Teacher Inexperienced Status -> K12 Staff Assignment; P001962 Has EDFacts Teacher Out of Field Status -> K12 Staff Assignment. Domain weights (an id with n card domains gives 1/n to each): K12 Staff Assignment 2, Assessment 1, Assignment 1, Employment 1; chosen domain holds 2 of 5.
StaffEvaluation	Staff Evaluation	STEEL_RIDGE		2026-09-28	LOW. Rule A23 (most specific hub domain naming the entity the object is about): an evaluation of a staff member (parts, scores, dates, evaluator). Evidence: SIF annotates no CEDS id on this object outside SIF_Metadata; judgment from the object name and fields only.
StaffMeal	Program Participation Food Service	STEEL_RIDGE		2026-09-28	LOW. Rule A23 (most specific hub domain naming the entity the object is about): a staff member's meal account (amounts, earned status); food-service data rather than a staff attribute. Evidence: SIF annotates no CEDS id on this object outside SIF_Metadata; judgment from the object name and fields only.
StaffPersonal	K12 Staff Employment	STEEL_RIDGE		2026-09-28	MEDIUM. Rule A23 (most specific hub domain naming the entity the object is about): the staff member as a person (name, demographics, ids, title); STAFF ANCHOR. Evidence: 27 distinct annotated id(s) outside SIF_Metadata; 24 discounted as shared sub-block (P000212 P000172 P000115 P000184 P000634 P001943 P001944 P000033 P000051 P000427 P000529 P000180 P000317 P001576 P000010 P000269 P000040 P000190 P000267 P000424 P000214 P000280 P000279 P000089); 1 with no hub card (P000144); object-specific: P000364 Classroom Identifier -> Classroom | Organization Identification; P000087 Has K12 Staff Classification -> Early Learning Staff Assignment | Job Detail | K12 Staff Assignment | K12 Staff Employment. Domain weights (an id with n card domains gives 1/n to each): Classroom 0.5, Organization Identification 0.5, Early Learning Staff Assignment 0.25, Job Detail 0.25; chosen domain holds 0.25 of 2.
StaffSectionAssignment	K12 Staff Assignment	STEEL_RIDGE		2026-09-28	HIGH. Rule A23 (most specific hub domain naming the entity the object is about): a staff member's assignment to a section (teacher of record, percent responsible). Evidence: 2 distinct annotated id(s) outside SIF_Metadata; object-specific: P001961 Has EDFacts Teacher Inexperienced Status -> K12 Staff Assignment; P001962 Has EDFacts Teacher Out of Field Status -> K12 Staff Assignment. Domain weights (an id with n card domains gives 1/n to each): K12 Staff Assignment 2; chosen domain holds 2 of 2.
StudentAcademicRecord	K12 Student Academic Record	STEEL_RIDGE		2026-09-28	MEDIUM. Rule A23 (most specific hub domain naming the entity the object is about): a student's academic record (course history, performance, awards, graduation requirements). Evidence: 50 distinct annotated id(s) outside SIF_Metadata; 15 discounted as shared sub-block (P000100 P000212 P000172 P000115 P000184 P000010 P000269 P000040 P000190 P000267 P000424 P000214 P000280 P000279 P000089); 1 with no hub card (P001073); object-specific: P000365 Has Assessment Identification System -> Assessment; P000436 Designated Graduation School Identifier -> Program Participation Migrant; P000364 Classroom Identifier -> Classroom | Organization Identification; P000616 Grade Value Qualifier -> K12 Student Course Section Mark | Student Course Section Enrollment; P000099 Has Entry Type -> K12 Student Enrollment; P000108 Has Exit or Withdrawal Status -> Early Learning Enrollment | K12 Student Enrollment | Student Course Section Enrollment; P000110 Has Exit or Withdrawal Type -> K12 Student Enrollment; P000532 Has Public School Residence Status -> Early Learning Enrollment | K12 Student Enrollment; and 26 more. Domain weights (an id with n card domains gives 1/n to each): K12 Student Academic Record 6.29, K12 Student Enrollment 2.83, Student Course Section Enrollment 2.39, K12 Student Cohort 2; chosen domain holds 6.29 of 34.
StudentActivityInfo	K12 Student Activity	STEEL_RIDGE		2026-09-28	MEDIUM. Rule A23 (most specific hub domain naming the entity the object is about): a student activity offered (type, level, curricular status). Evidence: 3 distinct annotated id(s) outside SIF_Metadata; 1 discounted as shared sub-block (P000100); 1 with no hub card (P000006); object-specific: P000009 Activity Title -> Organization Title. Domain weights (an id with n card domains gives 1/n to each): Organization Title 1; chosen domain holds 0 of 1.
StudentActivityParticipation	Activity Membership	STEEL_RIDGE		2026-09-28	HIGH. Rule A23 (most specific hub domain naming the entity the object is about): a student's participation in an activity (role, dates, recognitions). Evidence: 2 distinct annotated id(s) outside SIF_Metadata; object-specific: P000007 Activity Involvement Begin Date -> Activity Membership; P000008 Activity Involvement End Date -> Activity Membership. Domain weights (an id with n card domains gives 1/n to each): Activity Membership 2; chosen domain holds 2 of 2.
StudentAttendanceSummary	Role Attendance	STEEL_RIDGE		2026-09-28	MEDIUM. Rule A23 (most specific hub domain naming the entity the object is about): a student's attendance summary for a period (days attended, absences, membership). Evidence: 2 distinct annotated id(s) outside SIF_Metadata; object-specific: P000202 Number of Days in Attendance -> Early Learning Enrollment | Role Attendance | Student Course Section Enrollment; P000569 Has Truant Status -> Person Status. Domain weights (an id with n card domains gives 1/n to each): Person Status 1, Early Learning Enrollment 0.33, Role Attendance 0.33, Student Course Section Enrollment 0.33; chosen domain holds 0.33 of 2.
StudentCareerTechnical	Program Participation Career And Technical	STEEL_RIDGE		2026-09-28	MEDIUM. Rule A23 (most specific hub domain naming the entity the object is about): a student's career and technical education participation (concentrator, completer, outcome). Evidence: 6 distinct annotated id(s) outside SIF_Metadata; object-specific: P000036 Has Career and Technical Education Completer -> Program Participation Career And Technical; P000263 Special Education Services Exit Date -> Program Participation Special Education; P000590 Program Participation Start Date -> Individualized Program | Program Participation; P000194 Has Neglected or Delinquent Program Type -> Program Participation Neglected; P001978 Has EDFacts Academic or Career and Technical Outcome Type -> Program Participation Attainment; P001979 Has EDFacts Academic or Career and Technical Outcome Exit Type -> Program Participation Attainment. Domain weights (an id with n card domains gives 1/n to each): Program Participation Attainment 2, Program Participation Career And Technical 1, Program Participation Neglected 1, Program Participation Special Education 1; chosen domain holds 1 of 6.
StudentContact	Person Relationship	STEEL_RIDGE		2026-09-28	LOW. Rule A23 (most specific hub domain naming the entity the object is about): a student's contact person (name, relationship, contact flags); CONTACT ANCHOR. Evidence: 26 distinct annotated id(s) outside SIF_Metadata; 24 discounted as shared sub-block (P000212 P000172 P000115 P000184 P000634 P001943 P001944 P000033 P000051 P000427 P000529 P000180 P000317 P001576 P000010 P000269 P000040 P000190 P000267 P000424 P000214 P000280 P000279 P000089); 2 with no hub card (P000144 P000721); none object-specific, so judgment from the object name and fields only.
StudentContactPersonal	Person Relationship	STEEL_RIDGE		2026-09-28	LOW. Rule A23 (most specific hub domain naming the entity the object is about): a student contact as a person (name, demographics, employer, education level); CONTACT ANCHOR. Evidence: 25 distinct annotated id(s) outside SIF_Metadata; 24 discounted as shared sub-block (P000212 P000172 P000115 P000184 P000634 P001943 P001944 P000033 P000051 P000427 P000529 P000180 P000317 P001576 P000010 P000269 P000040 P000190 P000267 P000424 P000214 P000280 P000279 P000089); 1 with no hub card (P000144); none object-specific, so judgment from the object name and fields only.
StudentContactRelationship	Person Relationship	STEEL_RIDGE		2026-09-28	LOW. Rule A23 (most specific hub domain naming the entity the object is about): the relationship between a student and a contact (flags, sequence); CONTACT ANCHOR. Evidence: 1 distinct annotated id(s) outside SIF_Metadata; 1 with no hub card (P000721); none object-specific, so judgment from the object name and fields only.
StudentDailyAttendance	Role Attendance Event	STEEL_RIDGE		2026-09-28	LOW. Rule A23 (most specific hub domain naming the entity the object is about): a student's daily attendance on one date. Evidence: SIF annotates no CEDS id on this object outside SIF_Metadata; judgment from the object name and fields only.
StudentDemographicRecord	K12 Student Enrollment	STEEL_RIDGE		2026-09-28	LOW. Rule A23 (most specific hub domain naming the entity the object is about): a student's demographic record with contacts summary; STUDENT ANCHOR. Evidence: 17 distinct annotated id(s) outside SIF_Metadata; 17 discounted as shared sub-block (P000212 P000172 P000115 P000184 P000634 P001943 P000180 P000317 P000010 P000269 P000040 P000190 P000267 P000424 P000214 P000280 P000279); none object-specific, so judgment from the object name and fields only.
StudentGrade	K12 Student Course Section Mark	STEEL_RIDGE		2026-09-28	MEDIUM. Rule A23 (most specific hub domain naming the entity the object is about): a student's grade in a section. Evidence: 2 distinct annotated id(s) outside SIF_Metadata; object-specific: P000093 Has End of Term Status -> K12 Student Enrollment; P000124 Student Course Section Grade Earned -> K12 Student Course Section Mark | Student Course Section Enrollment. Domain weights (an id with n card domains gives 1/n to each): K12 Student Enrollment 1, K12 Student Course Section Mark 0.5, Student Course Section Enrollment 0.5; chosen domain holds 0.5 of 2.
StudentLEARelationship	K12 Student Enrollment	STEEL_RIDGE		2026-09-28	HIGH. Rule A23 (most specific hub domain naming the entity the object is about): a student's enrollment relationship with an LEA (entry, exit, grade level, membership type). Evidence: 5 distinct annotated id(s) outside SIF_Metadata; 1 discounted as shared sub-block (P000100); object-specific: P000532 Has Public School Residence Status -> Early Learning Enrollment | K12 Student Enrollment; P000099 Has Entry Type -> K12 Student Enrollment; P000110 Has Exit or Withdrawal Type -> K12 Student Enrollment; P000108 Has Exit or Withdrawal Status -> Early Learning Enrollment | K12 Student Enrollment | Student Course Section Enrollment. Domain weights (an id with n card domains gives 1/n to each): K12 Student Enrollment 2.83, Early Learning Enrollment 0.83, Student Course Section Enrollment 0.33; chosen domain holds 2.83 of 4.
StudentMeal	Program Participation Food Service	STEEL_RIDGE		2026-09-28	LOW. Rule A23 (most specific hub domain naming the entity the object is about): a student's meal status and account. Evidence: SIF annotates no CEDS id on this object outside SIF_Metadata; judgment from the object name and fields only.
StudentMigrant	Program Participation Migrant	STEEL_RIDGE		2026-09-28	HIGH. Rule A23 (most specific hub domain naming the entity the object is about): a student's migrant program participation. Evidence: 6 distinct annotated id(s) outside SIF_Metadata; object-specific: P000186 Has Migrant Education Program Services Type -> Program Participation Migrant; P000432 Migrant Student Qualifying Arrival Date -> Program Participation Migrant; P000590 Program Participation Start Date -> Individualized Program | Program Participation; P000263 Special Education Services Exit Date -> Program Participation Special Education; P000171 Last Qualifying Move Date -> Program Participation Migrant; P000430 Migrant Education Program Eligibility Expiration Date -> Program Participation Migrant. Domain weights (an id with n card domains gives 1/n to each): Program Participation Migrant 4, Program Participation Special Education 1, Individualized Program 0.5, Program Participation 0.5; chosen domain holds 4 of 6.
StudentParticipation	Program Participation	STEEL_RIDGE		2026-09-28	MEDIUM. Rule A23 (most specific hub domain naming the entity the object is about): a student's participation in a special program (program type, status, funding, plan type). Evidence: 12 distinct annotated id(s) outside SIF_Metadata; object-specific: P000590 Program Participation Start Date -> Individualized Program | Program Participation; P000625 Program Identifier -> Organization Identification; P000626 Program Name -> Organization Title; P000218 Has Primary Disability Type -> Person Disability; P000469 Has Literacy Pre Test Status -> K12 Student Literacy Assessment; P001227 Status Start Date -> Learning Resource Status Detail | Person Status | Role Status; P001922 Has Program Entry Reason -> Program Participation; P001228 Status End Date -> Learning Resource Status Detail | Person Status | Role Status; and 4 more. Domain weights (an id with n card domains gives 1/n to each): Program Participation 2.5, K12 Student Enrollment 2, K12 Student Literacy Assessment 1, Organization Identification 1; chosen domain holds 2.5 of 12.
StudentPeriodAttendance	Role Attendance Event	STEEL_RIDGE		2026-09-28	LOW. Rule A23 (most specific hub domain naming the entity the object is about): a student's attendance for one period. Evidence: SIF annotates no CEDS id on this object outside SIF_Metadata; judgment from the object name and fields only.
StudentPersonal	K12 Student Enrollment	STEEL_RIDGE		2026-09-28	MEDIUM. Rule A23 (most specific hub domain naming the entity the object is about): the student as a person (name, demographics, ids, most recent enrollment); STUDENT ANCHOR. Evidence: 29 distinct annotated id(s) outside SIF_Metadata; 25 discounted as shared sub-block (P000212 P000172 P000115 P000184 P000634 P001943 P001944 P000033 P000051 P000427 P000529 P000180 P000317 P001576 P000010 P000269 P000040 P000190 P000267 P000424 P000214 P000280 P000279 P000089 P000100); 1 with no hub card (P000144); object-specific: P000439 Has Medical Alert Indicator -> Person Health; P000046 Cohort Year -> K12 Student Cohort; P000584 Cohort Graduation Year -> K12 Student Cohort | Postsecondary Student Cohort. Domain weights (an id with n card domains gives 1/n to each): K12 Student Cohort 1.5, Person Health 1, Postsecondary Student Cohort 0.5; chosen domain holds 0 of 3.
StudentPicture	K12 Student Enrollment	STEEL_RIDGE		2026-09-28	LOW. Rule A23 (most specific hub domain naming the entity the object is about): a student's picture; STUDENT ANCHOR, so that it partitions with the other student-person objects. Evidence: SIF annotates no CEDS id on this object outside SIF_Metadata; judgment from the object name and fields only.
StudentPlacement	Individualized Program Service	STEEL_RIDGE		2026-09-28	LOW. Rule A23 (most specific hub domain naming the entity the object is about): a student's special-education service placement (service, setting, frequency, provider). Evidence: SIF annotates no CEDS id on this object outside SIF_Metadata; judgment from the object name and fields only.
StudentProgramAssociation	Program Participation	STEEL_RIDGE		2026-09-28	LOW. Rule A23 (most specific hub domain naming the entity the object is about): associates a student with a program (entry, exit, FTE, funding). Evidence: SIF annotates no CEDS id on this object outside SIF_Metadata; judgment from the object name and fields only.
StudentRecordExchange	K12 Student Academic Record	STEEL_RIDGE		2026-09-28	MEDIUM. Rule A23 (most specific hub domain naming the entity the object is about): a package of student records exchanged between agencies; its one annotation is the classroom-identifier id SIF reuses for many ids. Evidence: 1 distinct annotated id(s) outside SIF_Metadata; object-specific: P000364 Classroom Identifier -> Classroom | Organization Identification. Domain weights (an id with n card domains gives 1/n to each): Classroom 0.5, Organization Identification 0.5; chosen domain holds 0 of 1.
StudentRecordPackage	K12 Student Academic Record	STEEL_RIDGE		2026-09-28	LOW. Rule A23 (most specific hub domain naming the entity the object is about): the content package of a student record exchange. Evidence: SIF annotates no CEDS id on this object outside SIF_Metadata; judgment from the object name and fields only.
StudentResponseSet	Assessment Item Response	STEEL_RIDGE		2026-09-28	MEDIUM. Rule A23 (most specific hub domain naming the entity the object is about): a student's item responses for an assessment administration. Evidence: 4 distinct annotated id(s) outside SIF_Metadata; 1 with no hub card (P002397); object-specific: P000405 Has Assessment Item Response Status -> Assessment Item Response; P000407 Assessment Participant Session Time Assessed -> Assessment Participant Session; P000245 Assessment Result Score Value -> Assessment Result. Domain weights (an id with n card domains gives 1/n to each): Assessment Item Response 1, Assessment Participant Session 1, Assessment Result 1; chosen domain holds 1 of 3.
StudentSchoolEnrollment	K12 Student Enrollment	STEEL_RIDGE		2026-09-28	MEDIUM. Rule A23 (most specific hub domain naming the entity the object is about): a student's enrollment at a school (entry, exit, grade level, responsible school and LEA). Evidence: 14 distinct annotated id(s) outside SIF_Metadata; 1 discounted as shared sub-block (P000100); object-specific: P000364 Classroom Identifier -> Classroom | Organization Identification; P000097 Enrollment Entry Date -> Enrollment; P000099 Has Entry Type -> K12 Student Enrollment; P000107 Enrollment Exit Date -> Enrollment; P000108 Has Exit or Withdrawal Status -> Early Learning Enrollment | K12 Student Enrollment | Student Course Section Enrollment; P000110 Has Exit or Withdrawal Type -> K12 Student Enrollment; P000530 Has Promotion Reason -> K12 Student Enrollment; P000531 Has Nonpromotion Reason -> K12 Student Enrollment; and 5 more. Domain weights (an id with n card domains gives 1/n to each): K12 Student Enrollment 4.83, K12 Organization Student Responsibility 3.5, Enrollment 2, Early Learning Enrollment 0.83; chosen domain holds 4.83 of 13.
StudentScoreSet	Assessment Result	STEEL_RIDGE		2026-09-28	MEDIUM. Rule A23 (most specific hub domain naming the entity the object is about): a student's scores for an assessment administration. Evidence: 4 distinct annotated id(s) outside SIF_Metadata; 1 with no hub card (P000394); object-specific: P000417 Has Assessment Performance Level Score Metric -> Assessment Performance Level; P000245 Assessment Result Score Value -> Assessment Result; P000573 Has Proficiency Status -> Assessment Item Response. Domain weights (an id with n card domains gives 1/n to each): Assessment Item Response 1, Assessment Performance Level 1, Assessment Result 1; chosen domain holds 1 of 3.
StudentSectionEnrollment	Student Course Section Enrollment	STEEL_RIDGE		2026-09-28	MEDIUM. Rule A23 (most specific hub domain naming the entity the object is about): a student's enrollment in a section. Evidence: 5 distinct annotated id(s) outside SIF_Metadata; object-specific: P000097 Enrollment Entry Date -> Enrollment; P000651 Course Section Exit Withdrawal Date -> Student Course Section Enrollment; P000521 Class Meeting Days -> Course Section Schedule; P000522 Class Period -> Course Section Schedule; P000650 Has Course Section Entry Type -> Student Course Section Enrollment. Domain weights (an id with n card domains gives 1/n to each): Course Section Schedule 2, Student Course Section Enrollment 2, Enrollment 1; chosen domain holds 2 of 5.
StudentSectionMarks	K12 Student Course Section Mark	STEEL_RIDGE		2026-09-28	LOW. Rule A23 (most specific hub domain naming the entity the object is about): a student's marks in a section for a term. Evidence: SIF annotates no CEDS id on this object outside SIF_Metadata; judgment from the object name and fields only.
StudentSnapshot	K12 Student Enrollment	STEEL_RIDGE		2026-09-28	LOW. Rule A23 (most specific hub domain naming the entity the object is about): a point-in-time snapshot of a student (enrollment, demographics, program flags); STUDENT ANCHOR. Evidence: 13 distinct annotated id(s) outside SIF_Metadata; 13 discounted as shared sub-block (P000212 P000172 P000115 P000184 P000010 P000269 P000040 P000190 P000267 P000424 P000214 P001943 P000100); none object-specific, so judgment from the object name and fields only.
StudentSpecialEducationRecord	Program Participation Special Education	STEEL_RIDGE		2026-09-28	MEDIUM. Rule A23 (most specific hub domain naming the entity the object is about): a student's special-education record (participation, placements, LEA and school). Evidence: 17 distinct annotated id(s) outside SIF_Metadata; 14 discounted as shared sub-block (P000212 P000172 P000115 P000184 P000010 P000269 P000040 P000190 P000267 P000424 P000214 P000089 P000280 P000279); object-specific: P000204 Organization Name -> Organization Title; P000218 Has Primary Disability Type -> Person Disability; P000151 Has IDEA Indicator -> Person Status. Domain weights (an id with n card domains gives 1/n to each): Organization Title 1, Person Disability 1, Person Status 1; chosen domain holds 0 of 3.
StudentSpecialEducationSummary	Program Participation Special Education	STEEL_RIDGE		2026-09-28	MEDIUM. Rule A23 (most specific hub domain naming the entity the object is about): a student's special-education summary (disability, environment, FTE). Evidence: 3 distinct annotated id(s) outside SIF_Metadata; object-specific: P000577 Has Disability Status -> Person Disability; P000151 Has IDEA Indicator -> Person Status; P000218 Has Primary Disability Type -> Person Disability. Domain weights (an id with n card domains gives 1/n to each): Person Disability 2, Person Status 1; chosen domain holds 0 of 3.
StudentTransportInfo	Person Transportation Eligibility	STEEL_RIDGE		2026-09-28	LOW. Rule A23 (most specific hub domain naming the entity the object is about): a student's transportation (eligibility, routes, distances, public expense); the hub's only transportation domain. Evidence: SIF annotates no CEDS id on this object outside SIF_Metadata; judgment from the object name and fields only.
TermInfo	Organization Calendar Session	STEEL_RIDGE		2026-09-28	LOW. Rule A23 (most specific hub domain naming the entity the object is about): a school term (span, marking, scheduling and attendance term flags). Evidence: SIF annotates no CEDS id on this object outside SIF_Metadata; judgment from the object name and fields only.
TestAccommodation	Accessibility Feature	STEEL_RIDGE		2026-09-28	MEDIUM. Rule A23 (most specific hub domain naming the entity the object is about): the test accommodations a student needs for an assessment. Evidence: 9 distinct annotated id(s) outside SIF_Metadata; 5 discounted as shared sub-block (P000212 P000172 P000115 P000184 P000100); 1 with no hub card (P000022); object-specific: P000368 Assessment Subtest Abbreviation -> Assessment Subtest; P000126 Has Grade Level When Assessed -> Assessment Registration; P000383 Has Assessment Accommodation Category -> Accessibility Feature. Domain weights (an id with n card domains gives 1/n to each): Accessibility Feature 1, Assessment Registration 1, Assessment Subtest 1; chosen domain holds 1 of 3.
TimeWorked	Employment	STEEL_RIDGE		2026-09-28	LOW. Rule A23 (most specific hub domain naming the entity the object is about): hours an employee worked in a pay period. Evidence: SIF annotates no CEDS id on this object outside SIF_Metadata; judgment from the object name and fields only.
UserOrganizationAssociation	Membership	STEEL_RIDGE		2026-09-28	LOW. Rule A23 (most specific hub domain naming the entity the object is about): T4 ADOPTED (SPEC A30, EBONY_DREAM 2026-09-29; was Role Status): Membership holds Has Person, Has Organization, Has Role and the entry and exit dates, 5 of the object's 8 fields; Role Status covers 2. Evidence: SIF annotates no CEDS id on this object outside SIF_Metadata; judgment from the object name and fields only.
VendorInfo	Organization	STEEL_RIDGE		2026-09-28	LOW. Rule A23 (most specific hub domain naming the entity the object is about): a vendor (name, tax id, contact). Evidence: 14 distinct annotated id(s) outside SIF_Metadata; 14 discounted as shared sub-block (P000212 P000172 P000115 P000184 P000010 P000269 P000040 P000190 P000267 P000424 P000214 P000089 P000280 P000279); none object-specific, so judgment from the object name and fields only.
W4	Staff Compensation	STEEL_RIDGE		2026-09-28	LOW. Rule A23 (most specific hub domain naming the entity the object is about): an employee's W-4 tax withholding elections. Evidence: SIF annotates no CEDS id on this object outside SIF_Metadata; judgment from the object name and fields only.
xCalendar	Organization Calendar Session	STEEL_RIDGE		2026-09-28	HIGH. Rule A23 (most specific hub domain naming the entity the object is about): a school calendar's sessions for a school year. Evidence: 7 distinct annotated id(s) outside SIF_Metadata; object-specific: P000254 Has Session Type -> Organization Calendar Session; P001270 Session Code -> Organization Calendar Session; P001271 Session Description -> Organization Calendar Session; P001272 Has Session Marking Term Indicator -> Organization Calendar Session; P001273 Has Session Scheduling Term Indicator -> Organization Calendar Session; P000251 Session Begin Date -> Organization Calendar Session; P000253 Session End Date -> Organization Calendar Session. Domain weights (an id with n card domains gives 1/n to each): Organization Calendar Session 7; chosen domain holds 7 of 7.
xContact	Person Relationship	STEEL_RIDGE		2026-09-28	HIGH. Rule A23 (most specific hub domain naming the entity the object is about): a student's contact (xPress); CONTACT ANCHOR. Evidence: 29 distinct annotated id(s) outside SIF_Metadata; 19 discounted as shared sub-block (P000634 P000212 P000172 P000115 P000184 P000121 P000010 P000269 P000019 P000040 P000267 P000050 P000214 P000280 P000279 P000219 P000089 P000088 P000255); 1 with no hub card (P001075); object-specific: P001572 Person Identifier -> Person Identification; P001170 Authentication Identity Provider Login Identifier -> Authentication; P000425 Has Person Relationship Type -> Person Relationship; P001424 Person Relationship to Learner Contact Restrictions Description -> Person Relationship; P001425 Has Person Relationship to Learner Lives with Indicator -> Person Relationship; P001428 Has Primary Contact Indicator -> Contact | Person Relationship; P001341 Has Emergency Contact Indicator -> Person Relationship; P000329 Has Custodial Parent or Guardian Indicator -> Person Relationship; and 1 more. Domain weights (an id with n card domains gives 1/n to each): Person Relationship 6.5, Authentication 1, Person Identification 1, Contact 0.5; chosen domain holds 6.5 of 9.
xCourse	Course	STEEL_RIDGE		2026-09-28	MEDIUM. Rule A23 (most specific hub domain naming the entity the object is about): a course (xPress: codes, title, subject, SCED codes). Evidence: 9 distinct annotated id(s) outside SIF_Metadata; object-specific: P000055 Course Identifier -> Course; P000056 Has Course Code System -> Organization Identification; P000067 Course Title -> Organization Title; P000517 Course Description -> Course; P000066 Course Subject Abbreviation -> Course; P001301 Has Course Applicable Education Level -> Course; P001517 Has School Courses for the Exchange of Data Course Code -> Career And Technical Course | Early Learning Course | K12 Course | Learning Resource; P001516 Has School Courses for the Exchange of Data Course Level -> Career And Technical Course | Early Learning Course | K12 Course; and 1 more. Domain weights (an id with n card domains gives 1/n to each): Course 4, Organization Identification 1, Organization Title 1, Career And Technical Course 0.73; chosen domain holds 4 of 9.
xIndividualizedEducationPlan	Individualized Program	STEEL_RIDGE		2026-09-28	MEDIUM. Rule A23 (most specific hub domain naming the entity the object is about): a student's IEP (plan, eligibility, administrative data). Evidence: 63 distinct annotated id(s) outside SIF_Metadata; 1 discounted as shared sub-block (P000100); object-specific: P001725 Authorization Date -> Authorization Document; P000558 Has Special Education Support Services Category -> Early Learning Staff Assignment | K12 Staff Assignment | Service Staff; P001483 Referral Reason -> Person Referral; P001481 Referral Date -> Person Referral; P001732 Eligibility Parent Observations Explanation -> Individualized Program Eligibility; P001726 Has Consent to Evaluation Indicator -> Individualized Program Eligibility; P001730 Eligibility Evaluation Description -> Eligibility Evaluation; P001729 Has IDEAEligibility Evaluation Category -> Eligibility Evaluation; and 54 more. Domain weights (an id with n card domains gives 1/n to each): IEP Present Level 6, Individualized Program 5.67, Authorization Document 3, Eligibility Evaluation 3; chosen domain holds 5.67 of 62.
xLea	Local Education Agency	STEEL_RIDGE		2026-09-28	MEDIUM. Rule A23 (most specific hub domain naming the entity the object is about): the LEA (xPress: name, ids, address). Evidence: 12 distinct annotated id(s) outside SIF_Metadata; 9 discounted as shared sub-block (P000269 P000019 P000040 P000267 P000050 P000214 P000280 P000279 P000219); 1 with no hub card (P001066); object-specific: P001068 Local Education Agency Identifier -> Organization Identification; P000204 Organization Name -> Organization Title. Domain weights (an id with n card domains gives 1/n to each): Organization Identification 1, Organization Title 1; chosen domain holds 0 of 2.
xRoster	Course Section	STEEL_RIDGE		2026-09-28	MEDIUM. Rule A23 (most specific hub domain naming the entity the object is about): a section roster (xPress: course, meeting times, staff, students). Evidence: 16 distinct annotated id(s) outside SIF_Metadata; 2 discounted as shared sub-block (P000115 P000172); 1 with no hub card (P001070); object-specific: P000067 Course Title -> Organization Title; P000066 Course Subject Abbreviation -> Course; P000978 Course Section Identifier -> Organization Identification; P000243 School Year -> Organization Calendar; P000523 Timetable Day Identifier -> Course Section Schedule; P000521 Class Meeting Days -> Course Section Schedule; P000522 Class Period -> Course Section Schedule; P000364 Classroom Identifier -> Classroom | Organization Identification; and 5 more. Domain weights (an id with n card domains gives 1/n to each): Course Section Schedule 5, Organization Identification 1.5, Assignment 1, Course 1; chosen domain holds 0 of 13.
xSchool	K12 School	STEEL_RIDGE		2026-09-28	MEDIUM. Rule A23 (most specific hub domain naming the entity the object is about): the school (xPress: name, ids, grade levels, LEA). Evidence: 16 distinct annotated id(s) outside SIF_Metadata; 9 discounted as shared sub-block (P000269 P000019 P000040 P000267 P000050 P000214 P000280 P000279 P000219); 2 with no hub card (P001066 P001071); object-specific: P001068 Local Education Agency Identifier -> Organization Identification; P000204 Organization Name -> Organization Title; P000827 Has Organization Identification System -> Organization Identification; P000826 Organization Identifier -> Organization Identification; P000191 Name of Institution -> Organization Title | Person Degree Or Certificate. Domain weights (an id with n card domains gives 1/n to each): Organization Identification 3, Organization Title 1.5, Person Degree Or Certificate 0.5; chosen domain holds 0 of 5.
xStaff	K12 Staff Employment	STEEL_RIDGE		2026-09-28	MEDIUM. Rule A23 (most specific hub domain naming the entity the object is about): the staff member as a person (xPress: name, ids, assignments); STAFF ANCHOR. Evidence: 14 distinct annotated id(s) outside SIF_Metadata; 9 discounted as shared sub-block (P000634 P000212 P000172 P000115 P000184 P000121 P000255 P000089 P000088); 2 with no hub card (P001070 P001075); object-specific: P001170 Authentication Identity Provider Login Identifier -> Authentication; P001572 Person Identifier -> Person Identification; P000087 Has K12 Staff Classification -> Early Learning Staff Assignment | Job Detail | K12 Staff Assignment | K12 Staff Employment. Domain weights (an id with n card domains gives 1/n to each): Authentication 1, Person Identification 1, Early Learning Staff Assignment 0.25, Job Detail 0.25; chosen domain holds 0.25 of 3.
xStudent	K12 Student Enrollment	STEEL_RIDGE		2026-09-28	MEDIUM. Rule A23 (most specific hub domain naming the entity the object is about): the student as a person (xPress: name, demographics, enrollment, contacts); STUDENT ANCHOR. Evidence: 45 distinct annotated id(s) outside SIF_Metadata; 22 discounted as shared sub-block (P000634 P000212 P000172 P000115 P000184 P000121 P000010 P000269 P000019 P000040 P000267 P000050 P000214 P000280 P000279 P000219 P000089 P000088 P000255 P000033 P000316 P000317); 4 with no hub card (P001071 P001075 P000144 P001070); object-specific: P001170 Authentication Identity Provider Login Identifier -> Authentication; P001572 Person Identifier -> Person Identification; P000299 Has United States Citizenship Status -> Person Citizenship; P000595 Has Responsible School Type -> Early Learning Organization Student Responsibility | K12 Organization Student Responsibility; P000097 Enrollment Entry Date -> Enrollment; P000107 Enrollment Exit Date -> Enrollment; P000110 Has Exit or Withdrawal Type -> K12 Student Enrollment; P000364 Classroom Identifier -> Classroom | Organization Identification; and 11 more. Domain weights (an id with n card domains gives 1/n to each): Person Relationship 6.5, Enrollment 2, K12 Student Academic Record 1.83, Authentication 1; chosen domain holds 1 of 19.
xTransferIep	Individualized Program	STEEL_RIDGE		2026-09-28	MEDIUM. Rule A23 (most specific hub domain naming the entity the object is about): an IEP transferred between agencies (plan, references, history). Evidence: 112 distinct annotated id(s) outside SIF_Metadata; 23 discounted as shared sub-block (P000634 P000212 P000172 P000115 P000184 P000121 P000010 P000269 P000019 P000040 P000267 P000050 P000214 P000280 P000279 P000219 P000089 P000088 P000255 P000033 P000316 P000317 P000100); 5 with no hub card (P001071 P001075 P000144 P001070 P001066); object-specific: P001170 Authentication Identity Provider Login Identifier -> Authentication; P001572 Person Identifier -> Person Identification; P000299 Has United States Citizenship Status -> Person Citizenship; P000595 Has Responsible School Type -> Early Learning Organization Student Responsibility | K12 Organization Student Responsibility; P000097 Enrollment Entry Date -> Enrollment; P000107 Enrollment Exit Date -> Enrollment; P000110 Has Exit or Withdrawal Type -> K12 Student Enrollment; P000364 Classroom Identifier -> Classroom | Organization Identification; and 76 more. Domain weights (an id with n card domains gives 1/n to each): Person Relationship 6.5, IEP Present Level 6, Individualized Program 5.67, Authorization Document 3; chosen domain holds 5.67 of 84.
